Source,Count,Status
ava.game.naver.com.cf.workerz.me:2096,0,Empty/Fail
kaikanaeru.my.id,0,Empty/Fail
fclax.888161.xyz,0,Empty/Fail
cc.552298.xyz,0,Empty/Fail
gas1.idservers.xyz:2053,0,Empty/Fail
free.botcf.biz.id,0,Empty/Fail
go1.xcl.pp.ua,0,Empty/Fail
6.552298.xyz,0,Empty/Fail
141.98.16.31,0,Empty/Fail
support.zoom.us.free.botcf.biz.id,0,Empty/Fail
89.23.108.83,0,Empty/Fail
ava.game.naver.com.free01.terongluna.my.id,0,Empty/Fail
bakrie.ac.id.gas1.idservers.xyz,0,Empty/Fail
94.159.116.93,0,Empty/Fail
free01.terongluna.my.id,0,Empty/Fail
g.552298.xyz,0,Empty/Fail
wildcrot.patunganvps.us,0,Empty/Fail
02.markhe.cloudns.biz,0,Empty/Fail
dec.is-an.ai,0,Empty/Fail
205.198.87.3,0,Empty/Fail
mgynode.com,0,Empty/Fail
support.zoom.us.cf.workerz.me,0,Empty/Fail
skgura.dpdns.org,0,Empty/Fail
ava.game.naver.com.cf.workerz.me,0,Empty/Fail
95.216.184.4:8080,0,Empty/Fail
1.kclx.eu.org:2095,0,Empty/Fail
165.232.153.33,0,Empty/Fail
quiz.int.vidio.com.multi.xsmnet.cfd:2083,0,Empty/Fail
goldconnect.top.poyesh-samandehi-maskan.com,0,Empty/Fail
217.60.36.84,0,Empty/Fail
free01.terongluna.my.id:2053,0,Empty/Fail
38.12.28.76:8880,0,Empty/Fail
178.130.46.190,0,Empty/Fail
support.zoom.us.free01.terongluna.my.id,0,Empty/Fail
95.139.91.229,0,Empty/Fail
vl.theopad.com,0,Empty/Fail
jiliaoyo.top,0,Empty/Fail
191.96.11.60,0,Empty/Fail
ivanbayan.com,0,Empty/Fail
38.55.199.180,0,Empty/Fail
144.31.74.128:8083,0,Empty/Fail
62.60.147.250,0,Empty/Fail
144.31.74.144:8083,0,Empty/Fail
